<?xml version="1.0" encoding="UTF-8"?>
    <addon id="repository.pecobot" name="PECOBOT REPOSITORY" version="0.1.0" provider-name="pecobot">
        <requires>
            <import addon="xbmc.addon" version="12.0.0"/>
        </requires>
        <extension point="xbmc.addon.repository" name="PECOBOT REPOSITORY">
            <info compressed="false">https://raw.githubusercontent.com/PECONAUT/pecobot/master/_repo/addons.xml</info>
            <checksum>https://raw.githubusercontent.com/PECONAUT/pecobot/master/_repo/addons.xml.md5</checksum>
            <datadir zip="true">https://raw.githubusercontent.com/PECONAUT/pecobot/master/_repo/</datadir>
            <hashes>false</hashes>
        </extension>
        <extension point="xbmc.addon.metadata">
            <summary>Made for the community</summary>
            <description>Updated weekly for the community. Bringing the best of Kodi to a single repo</description>
            <platform>all</platform>
    </extension>
</addon>